Series,Title,Pages,Words,"Year Published","Years Elapsed","Cumulative Pages","Cumulative WC","Source URI",Edition,Comments,,,,,,,,,,,,,,,,,,,,,,,,,,,,,Title,Pages,Words,Year
"A Song of Ice and Fire","A Game of Thrones",819,298000,1996,0,819,298000,http://www.amazon.com/Game-Thrones-Song-Fire-Book-ebook/dp/B004GJXQ20/ref=sr_1_2_bnp_1_kin?ie=UTF8&qid=1403086998&sr=8-2&keywords=song+of+ice+and+fire,kindle,,,,,,,,,,,,,,,,,,,,,,,,,,,,,,,,,
"A Song of Ice and Fire","A Clash of kings",931,326000,1998,2,1750,624000,http://www.amazon.com/Clash-Kings-Song-Fire-Book-ebook/dp/B004L9MFM2/ref=wp_bs_2_B00CHNOX6A_kindle_edition,kindle,,,,,,,,,,,,,,,,,,,,,,,,,,,,,,,,,
"A Song of Ice and Fire","A Storm of Swords",1218,424000,2000,4,2968,1048000,http://www.amazon.com/Storm-Swords-Complete-Song-Fire-ebook/dp/B004P1JEWU/ref=sr_1_4_bnp_1_kin,kindle,,,,,,,,,,,,,,,,,,,,,,,,,,,,,,,,,
"A Song of Ice and Fire","A Feast for Crows",784,300000,2005,9,3752,1348000,http://www.amazon.com/Feast-Crows-Song-Fire-Book-ebook/dp/B004P1JEXE/ref=sr_1_3_bnp_1_kin?ie=UTF8&qid=1403086998&sr=8-3&keywords=song+of+ice+and+fire,kindle,,,,,,,,,,,,,,,,,,,,,,,,,,,,,,,,,
"A Song of Ice and Fire","A Dance with Dragons",1045,422000,2011,15,4797,1770000,http://www.amazon.com/Dance-With-Dragons-Song-Fire-ebook/dp/B004XISI4A/ref=wp_bs_5_B00CHNOX6A_kindle_edition,kindle,,,,,,,,,,,,,,,,,,,,,,,,,,,,,,,,,
,,,,,,,,,,,,,,,,,,,,,,,,,,,,,,,,,,,,,,,,,,
"Harry Potter","Philosopher's Stone",324,76944,1997,0,324,76944,http://www.amazon.com/Harry-Potter-Philosophers-Stone-Book-ebook/dp/B00728DYME/ref=wp_bs_1_B00CJG28U8_kindle_edition,kindle,,,,,,,,,,,,,,,,,,,,,,,,,,,,,,,,,
"Harry Potter","Chamber of Secrets",357,85141,1998,1,681,162085,http://www.amazon.com/Harry-Potter-Chamber-Secrets-Book-ebook/dp/B00728DYII/ref=wp_bs_2_B00CJG28U8_kindle_edition,kindle,,,,,,,,,,,,,,,,,,,,,,,,,,,,,,,,,
"Harry Potter","Prisoner of Azkaban",435,107253,1999,2,1116,269338,http://www.amazon.com/Harry-Potter-Prisoner-Azkaban-Book-ebook/dp/B00728DYQ0/ref=wp_bs_3_B00CJG28U8_kindle_edition,kindle,,,,,,,,,,,,,,,,,,,,,,,,,,,,,,,,,
"Harry Potter","Goblet of Fire",752,190637,2000,3,1868,459975,http://www.amazon.com/Harry-Potter-Goblet-Fire-Book-ebook/dp/B00728DYBA/ref=wp_bs_4_B00CJG28U8_kindle_edition,kindle,,,,,,,,,,,,,,,,,,,,,,,,,,,,,,,,,
"Harry Potter","Order of the Phoenix",901,257045,2003,6,2769,717020,http://www.amazon.com/Harry-Potter-Order-Phoenix-Book-ebook/dp/B00728DYJM/ref=wp_bs_5_B00CJG28U8_kindle_edition,kindle,,,,,,,,,,,,,,,,,,,,,,,,,,,,,,,,,
"Harry Potter","Half-Blood Prince",652,198923,2005,8,3421,915943,http://www.amazon.com/Harry-Potter-Half-Blood-Prince-Book-ebook/dp/B00728DYGA/ref=wp_bs_6_B00CJG28U8_kindle_edition,kindle,,,,,,,,,,,,,,,,,,,,,,,,,,,,,,,,,
"Harry Potter","Deathly Hallows",784,198227,2007,10,4205,1114170,http://www.amazon.com/Harry-Potter-Deathly-Hallows-Book-ebook/dp/B00728DY60/ref=wp_bs_7_B00CJG28U8_kindle_edition,kindle,,,,,,,,,,,,,,,,,,,,,,,,,,,,,,,,,
,,,,,,,,,,,,,,,,,,,,,,,,,,,,,,,,,,,,,,,,,,
Malazan,"Gardens of the Moon",768,203896,1999,0,768,203896,,,,,,,,,,,,,,,,,,,,,,,,,,,,,,,,,,,
Malazan,"Deadhouse Gates",943,266260,2000,1,1711,470156,,,,,,,,,,,,,,,,,,,,,,,,,,,,,,,,,,,
Malazan,"Memories of Ice",1187,345755,2001,2,2898,815911,,,,,,,,,,,,,,,,,,,,,,,,,,,,,,,,,,,
Malazan,"House of Chains",1021,307427,2002,3,3919,1123338,,,,,,,,,,,,,,,,,,,,,,,,,,,,,,,,,,,
Malazan,"Midnight Tides",940,272724,2004,5,4859,1396062,,,,,,,,,,,,,,,,,,,,,,,,,,,,,,,,,,,
Malazan,"The Bonehunters",1232,362804,2006,7,6091,1758866,,,,,,,,,,,,,,,,,,,,,,,,,,,,,,,,,,,
Malazan,"Reaper's Gale",1280,386342,2007,8,7371,2145208,,,,,,,,,,,,,,,,,,,,,,,,,,,,,,,,,,,
Malazan,"Toll the Hounds",1296,391897,2008,9,8667,2537105,,,,,,,,,,,,,,,,,,,,,,,,,,,,,,,,,,,
Malazan,"Dust of Dreams",1280,379326,2009,10,9947,2916431,,,,,,,,,,,,,,,,,,,,,,,,,,,,,,,,,,,
Malazan,"The Crippled God",1200,412123,2011,12,11147,3328554,,,,,,,,,,,,,,,,,,,,,,,,,,,,,,,,,,,
,,,,,,,,,,,,,,,,,,,,,,,,,,,,,,,,,,,,,,,,,,
"Riftwar Cycle",Magician,704,,1982,0,704,0,http://www.amazon.com/Magician-Riftwar-Saga-Raymond-Feist-ebook/dp/B008TGOMWY/ref=sr_1_3,kindle,,,,,,,,,,,,,,,,,,,,,,,,,,,,,,,,,
"Riftwar Cycle",Silverthorn,401,,1985,3,1105,0,http://www.amazon.com/Silverthorn-Raymond-E-Feist-ebook/dp/B008WXHZO6/ref=sr_1_1,kindle,,,,,,,,,,,,,,,,,,,,,,,,,,,,,,,,,
"Riftwar Cycle","Darkness at Sethanon",528,,1986,4,1633,0,http://www.amazon.com/Darkness-at-Sethanon-Raymond-Feist-ebook/dp/B008WXHZ3C/ref=sr_1_4,kindle,,,,,,,,,,,,,,,,,,,,,,,,,,,,,,,,,
"Riftwar Cycle","Daughter of the Empire",434,,1987,5,2067,0,http://www.amazon.com/Daughter-Empire-Raymond-E-Feist-ebook/dp/B0092HPYKS/ref=sr_1_7,kindle,,,,,,,,,,,,,,,,,,,,,,,,,,,,,,,,,
"Riftwar Cycle","Servant of the Empire",706,,1990,8,2773,0,http://www.amazon.com/Servant-Empire-Raymond-E-Feist-ebook/dp/B0092HPR8M/,kindle,,,,,,,,,,,,,,,,,,,,,,,,,,,,,,,,,
"Riftwar Cycle","Mistress of the Empire",864,,1992,10,3637,0,http://www.amazon.com/Mistress-Empire-Raymond-E-Feist-ebook/dp/B0092HSGM6/,kindle,,,,,,,,,,,,,,,,,,,,,,,,,,,,,,,,,
"Riftwar Cycle","Prince of the Blood",480,,1989,7,4117,0,http://www.amazon.com/Prince-Blood-Raymond-E-Feist-ebook/dp/B0092HQ28G/ref=sr_1_13,kindle,,,,,,,,,,,,,,,,,,,,,,,,,,,,,,,,,
"Riftwar Cycle","King's Buccanneer",640,,1992,10,4757,0,http://www.amazon.com/Kings-Buccaneer-Raymond-E-Feist-ebook/dp/B0092HPRZK/ref=sr_1_11,kindle,,,,,,,,,,,,,,,,,,,,,,,,,,,,,,,,,
"Riftwar Cycle","Shadow of a Dark Queen",515,,1994,12,5272,0,http://www.amazon.com/Shadow-Dark-Queen-Serpentwar-Saga-ebook/dp/B008WXI572/ref=sr_1_12,kindle,,,,,,,,,,,,,,,,,,,,,,,,,,,,,,,,,
"Riftwar Cycle","Rise of a Merchant Prince",493,,1995,13,5765,0,http://www.amazon.com/Rise-Merchant-Prince-Serpentwar-Saga-ebook/dp/B008WXI9L4/ref=sr_1_14,kindle,,,,,,,,,,,,,,,,,,,,,,,,,,,,,,,,,
"Riftwar Cycle","Rage of a Demon King",659,,1997,15,6424,0,http://www.amazon.com/Rage-Demon-King-Serpentwar-Saga-ebook/dp/B008WXI96O/ref=sr_1_15,kindle,,,,,,,,,,,,,,,,,,,,,,,,,,,,,,,,,
"Riftwar Cycle","Shards of a Broken Crown",532,,1998,16,6956,0,http://www.amazon.com/Shards-Broken-Crown-Serpentwar-Saga-ebook/dp/B008WXI59A/,kindle,,,,,,,,,,,,,,,,,,,,,,,,,,,,,,,,,
"Riftwar Cycle","Krondor: The Betrayal",368,,1998,16,7324,0,http://www.amazon.com/Krondor-Betrayal-Riftwar-Legacy-Book-ebook/dp/B0041RRCSG/ref=sr_1_5,kindle,,,,,,,,,,,,,,,,,,,,,,,,,,,,,,,,,
"Riftwar Cycle","Krondor: The Assassins",371,,2000,18,7695,0,http://www.amazon.com/Krondor-Assassins-Riftwar-Legacy-Book-ebook/dp/B002ZP8KNM/,kindle,,,,,,,,,,,,,,,,,,,,,,,,,,,,,,,,,
"Riftwar Cycle","Krondor: Tear of the Gods",390,,2001,19,8085,0,http://www.amazon.com/Krondor-Tear-Gods-Riftwar-Legacy-ebook/dp/B003062GDA/,kindle,,,,,,,,,,,,,,,,,,,,,,,,,,,,,,,,,
"Riftwar Cycle","Talon of the Silver Hawk",390,,2002,20,8475,0,http://www.amazon.com/Talon-Silver-Hawk-Conclave-Shadows-ebook/dp/B008WXI9RS/,kindle,,,,,,,,,,,,,,,,,,,,,,,,,,,,,,,,,
"Riftwar Cycle","King of Foxes",384,,2003,21,8859,0,http://www.amazon.com/Foxes-Conclave-Shadows-Raymond-Feist-ebook/dp/B008WXI4GE/,kindle,,,,,,,,,,,,,,,,,,,,,,,,,,,,,,,,,
"Riftwar Cycle","Exile's Return",373,,2004,22,9232,0,http://www.amazon.com/Exiles-Return-Conclave-Shadows-Raymond-ebook/dp/B008WXI568/,kindle,,,,,,,,,,,,,,,,,,,,,,,,,,,,,,,,,
"Riftwar Cycle","Flight of the Nighthawks",400,,2005,23,9632,0,http://www.amazon.com/Flight-Night-Hawks-Darkwar-Book-ebook/dp/B008WXICDO/,kindle,,,,,,,,,,,,,,,,,,,,,,,,,,,,,,,,,
"Riftwar Cycle","Into a Dark Realm",400,,2006,24,10032,0,http://www.amazon.com/Into-Dark-Realm-Darkwar-Saga-ebook/dp/B008WXIBZI/,kindle,,,,,,,,,,,,,,,,,,,,,,,,,,,,,,,,,
"Riftwar Cycle","Wrath of a Mad God",531,,2008,26,10563,0,http://www.amazon.com/Wrath-Mad-God-Darkwar-Saga-ebook/dp/B002TU1QBQ/,kindle,,,,,,,,,,,,,,,,,,,,,,,,,,,,,,,,,
"Riftwar Cycle","Rides a Dread Legion",437,,2009,27,11000,0,http://www.amazon.com/Rides-Dread-Legion-Riftwar-Cycle-ebook/dp/B002UZ5JDQ/ref=sr_1_16,kindle,,,,,,,,,,,,,,,,,,,,,,,,,,,,,,,,,
"Riftwar Cycle","At the Gates of Darkness",336,,2010,28,11336,0,http://www.amazon.com/At-Gates-Darkness-Riftwar-Cycle-ebook/dp/B003062GOO/ref=sr_1_17,kindle,,,,,,,,,,,,,,,,,,,,,,,,,,,,,,,,,
"Riftwar Cycle","A Kingdom Besieged",421,,2011,29,11757,0,http://www.amazon.com/Kingdom-Besieged-Raymond-E-Feist-ebook/dp/B004P1JF0Q/ref=sr_1_6,kindle,,,,,,,,,,,,,,,,,,,,,,,,,,,,,,,,,
"Riftwar Cycle","A Crown Imperiled",485,,2012,30,12242,0,http://www.amazon.com/Crown-Imperiled-Book-Chaoswar-Saga-ebook/dp/B005UF0UF0/,kindle,,,,,,,,,,,,,,,,,,,,,,,,,,,,,,,,,
"Riftwar Cycle","Magician's End",656,,2013,31,12898,0,http://www.amazon.com/Magicians-End-Raymond-E-Feist-ebook/dp/B00A6265BK/ref=sr_1_9,kindle,,,,,,,,,,,,,,,,,,,,,,,,,,,,,,,,,
"Riftwar Cycle","Honoured Enemy",340,,2001,19,13238,0,http://www.amazon.com/Honoured-Enemy-Legends-Riftwar-Book-ebook/dp/B008WXI4KK/,kindle,,,,,,,,,,,,,,,,,,,,,,,,,,,,,,,,,
"Riftwar Cycle","Murder in LaMut",400,,2002,20,13638,0,http://www.amazon.com/Murder-LaMut-Legends-Riftwar-Raymond-ebook/dp/B008WXI9NM/,kindle,,,,,,,,,,,,,,,,,,,,,,,,,,,,,,,,,
"Riftwar Cycle","Jimmy the Hand",384,,2003,21,14022,0,http://www.amazon.com/Jimmy-Legends-Riftwar-Raymond-Feist-ebook/dp/B008WXHZ4G/,kindle,,,,,,,,,,,,,,,,,,,,,,,,,,,,,,,,,
,,,,,,,,,,,,,,,,,,,,,,,,,,,,,,,,,,,,,,,,,,
"Book of the New Sun","Shadow of the Torturer",,,1980,0,0,0,,,,,,,,,,,,,,,,,,,,,,,,,,,,,,,,,,,
"Book of the New Sun","Claw of the Conciliator",416,,1981,1,416,0,http://www.amazon.com/Shadow-Claw-Gene-Wolfe/dp/0575116730/,paperback,"Omnibus of Shadow and Claw",,,,,,,,,,,,,,,,,,,,,,,,,,,,,,,,
"Book of the New Sun","Sword of the Lictor",,,1982,2,416,0,,,,,,,,,,,,,,,,,,,,,,,,,,,,,,,,,,,
"Book of the New Sun","The Citadel of the Autarch",415,,1983,3,831,0,http://www.amazon.com/Sword-Citadel-Second-Half-Book-ebook/dp/B008S0E8B6/,kindle,"Omnibus of Sword and Citadel",,,,,,,,,,,,,,,,,,,,,,,,,,,,,,,,
"Book of the New Sun","The Urth of the New Sun",386,,1987,7,1217,0,http://www.amazon.com/Urth-New-Sun-sequel-Book-ebook/dp/B008S0EA14/,kindle,,,,,,,,,,,,,,,,,,,,,,,,,,,,,,,,,
"Book of the New Sun","Nightside of the Long Sun",,,1993,13,1217,0,,,,,,,,,,,,,,,,,,,,,,,,,,,,,,,,,,,
"Book of the New Sun","Lake of the Long Sun",544,,1994,14,1761,0,http://www.amazon.com/Litany-Long-Sun-Nightside-Books/dp/0312872917/,paperback,"Omnibus of Nightside and Lake",,,,,,,,,,,,,,,,,,,,,,,,,,,,,,,,
"Book of the New Sun","Caldé of the Long Sun",,,1995,15,1761,0,,,,,,,,,,,,,,,,,,,,,,,,,,,,,,,,,,,
"Book of the New Sun","Exodus of the Long Sun",720,,1996,16,2481,0,http://www.amazon.com/Epiphany-Long-Sun-Calde-Exodus/dp/0312860722/,paperback,"Omnibus of Caldé and Exodus",,,,,,,,,,,,,,,,,,,,,,,,,,,,,,,,
"Book of the New Sun","On Blue's Waters",388,,1999,19,2869,0,http://www.amazon.com/Blues-Waters-One-Book-Short-ebook/dp/B003J5UI4G/,kindle,,,,,,,,,,,,,,,,,,,,,,,,,,,,,,,,,
"Book of the New Sun","In Green's Jungles",386,,2000,20,3255,0,http://www.amazon.com/Greens-Jungles-Second-Book-Short-ebook/dp/B004M8T0U2/,kindle,,,,,,,,,,,,,,,,,,,,,,,,,,,,,,,,,
"Book of the New Sun","Return to the Whorl",418,,2001,21,3673,0,http://www.amazon.com/Return-Whorl-Final-Book-Short-ebook/dp/B003J5UIGE/,kindle,,,,,,,,,,,,,,,,,,,,,,,,,,,,,,,,,
,,,,,,,,,,,,,,,,,,,,,,,,,,,,,,,,,,,,,,,,,,
"Wheel of Time","New Spring",334,122150,2004,14,334,122150,,,,,,,,,,,,,,,,,,,,,,,,,,,,,,,,,,,
"Wheel of Time","The Eye of the World",782,305902,1990,0,1116,428052,,,,,,,,,,,,,,,,,,,,,,,,,,,,,,,,,,,
"Wheel of Time","The Great Hunt",681,267078,1990,0,1797,695130,,,,,,,,,,,,,,,,,,,,,,,,,,,,,,,,,,,
"Wheel of Time","The Dragon Reborn",675,251392,1991,1,2472,946522,,,,,,,,,,,,,,,,,,,,,,,,,,,,,,,,,,,
"Wheel of Time","The Shadow Rising",981,393823,1992,2,3453,1340345,,,,,,,,,,,,,,,,,,,,,,,,,,,,,,,,,,,
"Wheel of Time","The Fires of Heaven",963,354109,1993,3,4416,1694454,,,,,,,,,,,,,,,,,,,,,,,,,,,,,,,,,,,
"Wheel of Time","Lord of Chaos",987,389823,1994,4,5403,2084277,,,,,,,,,,,,,,,,,,,,,,,,,,,,,,,,,,,
"Wheel of Time","A Crown of Swords",856,295028,1996,6,6259,2379305,,,,,,,,,,,,,,,,,,,,,,,,,,,,,,,,,,,
"Wheel of Time","The Path of Daggers",672,226687,1998,8,6931,2605992,,,,,,,,,,,,,,,,,,,,,,,,,,,,,,,,,,,
"Wheel of Time","Winter's Heart",766,238789,2000,10,7697,2844781,,,,,,,,,,,,,,,,,,,,,,,,,,,,,,,,,,,
"Wheel of Time","Crossroads of Twilight",822,271632,2003,13,8519,3116413,,,,,,,,,,,,,,,,,,,,,,,,,,,,,,,,,,,
"Wheel of Time","Knife of Dreams",837,315163,2005,15,9356,3431576,,,,,,,,,,,,,,,,,,,,,,,,,,,,,,,,,,,
"Wheel of Time (Sanderson)","The Gathering Storm",766,297502,2009,19,10122,3729078,,,"Written by Sanderson after Jordan died.",,,,,,,,,,,,,,,,,,,,,,,,,,,,,,,,
"Wheel of Time (Sanderson)","Towers of Midnight",864,327052,2010,20,10986,4056130,,,"Written by Sanderson after Jordan died.",,,,,,,,,,,,,,,,,,,,,,,,,,,,,,,,
"Wheel of Time (Sanderson)","A Memory of Light",912,353906,2013,23,11898,4410036,,,"Written by Sanderson after Jordan died.",,,,,,,,,,,,,,,,,,,,,,,,,,,,,,,,
,,,,,,,,,,,,,,,,,,,,,,,,,,,,,,,,,,,,,,,,,,
Discworld,"The Colour of Magic",292,66586,1983,0,292,66586,http://www.amazon.com/Colour-Magic-Discworld-Novel-Novels-ebook/dp/B0031RS69G/,kindle,,,,,,,,,,,,,,,,,,,,,,,,,,,,,,,,,
Discworld,"The Light Fantastic",293,65648,1986,3,585,132234,http://www.amazon.com/Light-Fantastic-Discworld-Novel-Novels-ebook/dp/B003NX6XTS/,kindle,,,,,,,,,,,,,,,,,,,,,,,,,,,,,,,,,
Discworld,"Equal Rites",277,67896,1987,4,862,200130,http://www.amazon.com/Equal-Rites-Discworld-Novel-Novels-ebook/dp/B0031RS6VE/,kindle,,,,,,,,,,,,,,,,,,,,,,,,,,,,,,,,,
Discworld,Mort,288,75294,1987,4,1150,275424,http://www.amazon.com/Mort-Discworld-Novel-Novels-ebook/dp/B0035OC7OU/,kindle,,,,,,,,,,,,,,,,,,,,,,,,,,,,,,,,,
Discworld,Sourcery,341,80837,1988,5,1491,356261,http://www.amazon.com/Sourcery-Discworld-Novel-Novels-ebook/dp/B0031RS6SM/,kindle,,,,,,,,,,,,,,,,,,,,,,,,,,,,,,,,,
Discworld,"Wyrd Sisters",373,87758,1988,5,1864,444019,http://www.amazon.com/Wyrd-Sisters-Discworld-Novel-Novels-ebook/dp/B00354YA3Q/,kindle,,,,,,,,,,,,,,,,,,,,,,,,,,,,,,,,,
Discworld,Pyramids,373,89733,1989,6,2237,533752,http://www.amazon.com/Pyramids-Discworld-Novel-Novels-ebook/dp/B00351YF0M/,kindle,,,,,,,,,,,,,,,,,,,,,,,,,,,,,,,,,
Discworld,"Guards! Guards!",421,100357,1989,6,2658,634109,http://www.amazon.com/Guards-Discworld-Novel-Novels-ebook/dp/B00354YA5E/,kindle,,,,,,,,,,,,,,,,,,,,,,,,,,,,,,,,,
Discworld,Eric,155,35562,1990,7,2813,669671,http://www.amazon.com/Eric-Discworld-Terry-Pratchett-ebook/dp/B00AES08FA/,kindle,,,,,,,,,,,,,,,,,,,,,,,,,,,,,,,,,
Discworld,"Moving Pictures",421,99530,1990,7,3234,769201,http://www.amazon.com/Moving-Pictures-Discworld-Novel-Novels-ebook/dp/B00351YF0C/,kindle,,,,,,,,,,,,,,,,,,,,,,,,,,,,,,,,,
Discworld,"Reaper Man",356,80722,1991,8,3590,849923,http://www.amazon.com/Reaper-Man-Discworld-Novel-Novels-ebook/dp/B00352B45A/,kindle,,,,,,,,,,,,,,,,,,,,,,,,,,,,,,,,,
Discworld,"Witches Abroad",368,84001,1991,8,3958,933924,http://www.amazon.com/Witches-Abroad-Discworld-Novel-Novels-ebook/dp/B003O86FGS,kindle,,,,,,,,,,,,,,,,,,,,,,,,,,,,,,,,,
Discworld,"Small Gods",400,92943,1992,9,4358,1026867,http://www.amazon.com/Small-Gods-Discworld-Novel-Novels-ebook/dp/B00354YA7W/,kindle,,,,,,,,,,,,,,,,,,,,,,,,,,,,,,,,,
Discworld,"Lords and Ladies",400,92052,1992,9,4758,1118919,http://www.amazon.com/Lords-Ladies-Discworld-Novel-Novels-ebook/dp/B00354YA2C/,kindle,,,,,,,,,,,,,,,,,,,,,,,,,,,,,,,,,
Discworld,"Men at Arms",432,97819,1993,10,5190,1216738,http://www.amazon.com/Men-At-Arms-Discworld-Novels-ebook/dp/B00354YA1I/,kindle,,,,,,,,,,,,,,,,,,,,,,,,,,,,,,,,,
Discworld,"Soul Music",432,98109,1994,11,5622,1314847,http://www.amazon.com/Soul-Music-Discworld-Novel-Novels-ebook/dp/B00413PJ76/,kindle,,,,,,,,,,,,,,,,,,,,,,,,,,,,,,,,,
Discworld,"Interesting Times",387,95762,1994,11,6009,1410609,http://www.amazon.com/Interesting-Times-Discworld-Novel-Novels-ebook/dp/B00354YA6I/,kindle,,,,,,,,,,,,,,,,,,,,,,,,,,,,,,,,,
Discworld,Maskerade,384,87685,1995,12,6393,1498294,http://www.amazon.com/Maskerade-Discworld-Novel-18-Novels-ebook/dp/B004DUMYH0/,kindle,,,,,,,,,,,,,,,,,,,,,,,,,,,,,,,,,
Discworld,"Feet of Clay",371,9023,1996,13,6764,1507317,http://www.amazon.com/Feet-Clay-Discworld-Novel-Novels-ebook/dp/B00354YA4K/,kindle,,,,,,,,,,,,,,,,,,,,,,,,,,,,,,,,,
Discworld,Hogfather,436,97965,1996,13,7200,1605282,http://www.amazon.com/Hogfather-Discworld-Novel-20-Novels-ebook/dp/B00354YA18/,kindle,,,,,,,,,,,,,,,,,,,,,,,,,,,,,,,,,
Discworld,Jingo,452,107966,1997,14,7652,1713248,http://www.amazon.com/Jingo-Discworld-Novel-21-Novels-ebook/dp/B003RRY5VI/,kindle,,,,,,,,,,,,,,,,,,,,,,,,,,,,,,,,,
Discworld,"The Last Continent",404,97458,1998,15,8056,1810706,http://www.amazon.com/Last-Continent-Discworld-Novel-Novels-ebook/dp/B00354YA5Y/,kindle,,,,,,,,,,,,,,,,,,,,,,,,,,,,,,,,,
Discworld,"Carpe Jugulum",418,101791,1998,15,8474,1912497,http://www.amazon.com/Carpe-Jugulum-Discworld-Novel-Novels-ebook/dp/B00354YA7C/,kindle,,,,,,,,,,,,,,,,,,,,,,,,,,,,,,,,,
Discworld,"The Fifth Elephant",464,108869,1999,16,8938,2021366,http://www.amazon.com/Fifth-Elephant-Discworld-Novel-Novels-ebook/dp/B00354YA9K/,kindle,,,,,,,,,,,,,,,,,,,,,,,,,,,,,,,,,
Discworld,"The Truth",452,108469,2000,17,9390,2129835,http://www.amazon.com/Truth-Discworld-Novel-25-Novels-ebook/dp/B00354YA3G/,kindle,,,,,,,,,,,,,,,,,,,,,,,,,,,,,,,,,
Discworld,"Thief of Time",434,104277,2001,18,9824,2234112,http://www.amazon.com/Thief-Time-Discworld-Novel-Novels-ebook/dp/B00351YEXK/,kindle,,,,,,,,,,,,,,,,,,,,,,,,,,,,,,,,,
Discworld,"The Last Hero",,41422,2001,18,9824,2275534,,,,,,,,,,,,,,,,,,,,,,,,,,,,,,,,,,,
Discworld,"The Amazing Maurice and his Educated Rodents",292,66000,2001,18,10116,2341534,http://www.amazon.com/Amazing-Maurice-his-Educated-Rodents-ebook/dp/B0038AUYAU/,kindle,,,,,,,,,,,,,,,,,,,,,,,,,,,,,,,,,
Discworld,"Night Watch",362,118109,2002,19,10478,2459643,http://www.amazon.com/Night-Watch-Discworld-Novel-Novels-ebook/dp/B0031RS65K/,kindle,,,,,,,,,,,,,,,,,,,,,,,,,,,,,,,,,
Discworld,"The Wee Free Men",404,75444,2003,20,10882,2535087,http://www.amazon.com/Wee-Free-Men-Discworld-Novels-ebook/dp/B00354YA7M/,kindle,,,,,,,,,,,,,,,,,,,,,,,,,,,,,,,,,
Discworld,"Monstrous Regiment",380,118786,2003,20,11262,2653873,http://www.amazon.com/Monstrous-Regiment-Discworld-Terry-Pratchett-ebook/dp/B00354YA1S/,kindle,,,,,,,,,,,,,,,,,,,,,,,,,,,,,,,,,
Discworld,"A Hat Full of Sky",298,80339,2004,21,11560,2734212,http://www.amazon.com/Hat-Full-Sky-Discworld-Novels-ebook/dp/B003T0FK58/,kindle,,,,,,,,,,,,,,,,,,,,,,,,,,,,,,,,,
Discworld,"Going Postal",484,120624,2004,21,12044,2854836,http://www.amazon.com/Going-Postal-Discworld-Terry-Pratchett-ebook/dp/B00351YEX0/,kindle,,,,,,,,,,,,,,,,,,,,,,,,,,,,,,,,,
Discworld,Thud!,468,112885,2005,22,12512,2967721,http://www.amazon.com/Thud-Discworld-Novel-34-Novels-ebook/dp/B0031RS6NC/,kindle,,,,,,,,,,,,,,,,,,,,,,,,,,,,,,,,,
Discworld,Wintersmith,468,96425,2006,23,12980,3064146,http://www.amazon.com/Wintersmith-Discworld-Novel-35-Novels-ebook/dp/B0038AUYTQ/,kindle,,,,,,,,,,,,,,,,,,,,,,,,,,,,,,,,,
Discworld,"Making Money",480,115503,2007,24,13460,3179649,http://www.amazon.com/Making-Money-Discworld-Novel-Novels-ebook/dp/B00351YF0W/,kindle,,,,,,,,,,,,,,,,,,,,,,,,,,,,,,,,,
Discworld,"Unseen Academicals",404,139844,2009,26,13864,3319493,http://www.amazon.com/Unseen-Academicals-Discworld-Novel-Novels-ebook/dp/B0031R5K7C/,kindle,,,,,,,,,,,,,,,,,,,,,,,,,,,,,,,,,
Discworld,"I Shall Wear Midnight",434,112443,2010,27,14298,3431936,http://www.amazon.com/Shall-Wear-Midnight-Discworld-Novels-ebook/dp/B003T0G9XU/,kindle,,,,,,,,,,,,,,,,,,,,,,,,,,,,,,,,,
Discworld,Snuff,423,134687,2011,28,14721,3566623,http://www.amazon.com/Snuff-Discworld-Novel-39-Novels-ebook/dp/B00563M11M/,kindle,,,,,,,,,,,,,,,,,,,,,,,,,,,,,,,,,
Discworld,"Raising Steam",381,,2013,30,15102,3566623,http://www.amazon.com/Raising-Steam-Discworld-novel-Novels-ebook/dp/B00DSO9RMC/,kindle,,,,,,,,,,,,,,,,,,,,,,,,,,,,,,,,,
,,,,,,,,,,,,,,,,,,,,,,,,,,,,,,,,,,,,,,,,,,
"Dark Tower","The Gunslinger",280,55000,1982,0,280,55000,http://www.amazon.com/Dark-Tower-Gunslinger-Bk-ebook/dp/B003BVFZ46/,,,,,,,,,,,,,,,,,,,,,,,,,,,,,,,,,,
"Dark Tower","The Drawing of the Three",438,128000,1987,5,718,183000,http://www.amazon.com/Dark-Tower-II-Drawing-Three-ebook/dp/B003BVFZ6O/,,,,,,,,,,,,,,,,,,,,,,,,,,,,,,,,,,
"Dark Tower","The Waste Lands",612,178000,1991,9,1330,361000,http://www.amazon.com/Dark-Tower-III-Waste-Lands-ebook/dp/B003BVFZ6Y/,,,,,,,,,,,,,,,,,,,,,,,,,,,,,,,,,,
"Dark Tower","Wizard and Glass",728,264000,1997,15,2058,625000,http://www.amazon.com/Dark-Tower-IV-Wizard-Glass-ebook/dp/B003BVFZ50/,,,,,,,,,,,,,,,,,,,,,,,,,,,,,,,,,,
"Dark Tower","Wolves of the Calla",752,251000,2003,21,2810,876000,http://www.amazon.com/Dark-Tower-Wolves-Calla-v-ebook/dp/B003BVFZ64/,,,,,,,,,,,,,,,,,,,,,,,,,,,,,,,,,,
"Dark Tower","Song of Susannah",451,131000,2004,22,3261,1007000,http://www.amazon.com/Dark-Tower-VI-Song-Susannah-ebook/dp/B003BVFZ3W/,,,,,,,,,,,,,,,,,,,,,,,,,,,,,,,,,,
"Dark Tower","The Dark Tower",740,272273,2004,22,4001,1279273,http://www.amazon.com/Dark-Tower-VII-v-ebook/dp/B003BVFZ6E/,,,,,,,,,,,,,,,,,,,,,,,,,,,,,,,,,,
,,,,,,,,,,,,,,,,,,,,,,,,,,,,,,,,,,,,,,,,,,
Dune,Dune,611,,1965,0,611,0,http://www.amazon.com/Dune-Frank-Herbert-ebook/dp/B004KA9UXO/,kindle,,,,,,,,,,,,,,,,,,,,,,,,,,,,,,,,,
Dune,"Dune Messiah",340,,1969,4,951,0,http://www.amazon.com/Dune-Messiah-Frank-Herbert-ebook/dp/B00590YMHI/,kindle,,,,,,,,,,,,,,,,,,,,,,,,,,,,,,,,,
Dune,"Children of Dune",420,,1976,11,1371,0,http://www.amazon.com/Children-Dune-Third-Novel-ebook/dp/B004JHY8OY/,kindle,,,,,,,,,,,,,,,,,,,,,,,,,,,,,,,,,
Dune,"God Emperor of Dune",464,,1981,16,1835,0,http://www.amazon.com/God-Emperor-Dune-Fourth-Novel-ebook/dp/B004JHY8WG/,kindle,,,,,,,,,,,,,,,,,,,,,,,,,,,,,,,,,
Dune,"Heretics of Dune",480,,1984,19,2315,0,http://www.amazon.com/Heretics-Dune-Frank-Herbert/dp/0441328008/,"mass market paperback",,,,,,,,,,,,,,,,,,,,,,,,,,,,,,,,,
Dune,"Chapterhouse: Dune",448,,1985,20,2763,0,http://www.amazon.com/Chapterhouse-Dune-Chronicles-Book/dp/0441102670/,"mass market paperback",,,,,,,,,,,,,,,,,,,,,,,,,,,,,,,,,
,,,,,,,,,,,,,,,,,,,,,,,,,,,,,,,,,,,,,,,,,,
"Honor Harrington","On Basilisk Station",432,,1992,0,432,0,http://www.amazon.com/Basilisk-Station-Honor-Harrington-Book-ebook/dp/B00ARPJBS0/,,,,,,,,,,,,,,,,,,,,,,,,,,,,,,,,,,
"Honor Harrington","The Honor of the Queen",393,,1993,1,825,0,http://www.amazon.com/Honor-Queen-Harrington-Book-ebook/dp/B00BBI9WD6/,,,,,,,,,,,,,,,,,,,,,,,,,,,,,,,,,,
"Honor Harrington","The Short Victorious War",384,,1994,2,1209,0,http://www.amazon.com/Short-Victorious-Honor-Harrington-Book-ebook/dp/B00AP9XIK0/,,,,,,,,,,,,,,,,,,,,,,,,,,,,,,,,,,
"Honor Harrington","Field of Dishonor",384,,1994,2,1593,0,http://www.amazon.com/Field-Dishonor-Honor-Harrington-Book-ebook/dp/B00APAEID0/,,,,,,,,,,,,,,,,,,,,,,,,,,,,,,,,,,
"Honor Harrington","Flag in Exile",424,,1995,3,2017,0,http://www.amazon.com/Flag-Exile-Honor-Harrington-Book-ebook/dp/B00APAENUI/,,,,,,,,,,,,,,,,,,,,,,,,,,,,,,,,,,
"Honor Harrington","Honor Among Enemies",556,,1996,4,2573,0,http://www.amazon.com/Honor-Among-Enemies-Harrington-Book-ebook/dp/B00APAH4YU/,,,,,,,,,,,,,,,,,,,,,,,,,,,,,,,,,,
"Honor Harrington","In Enemy Hands",544,,1997,5,3117,0,http://www.amazon.com/Enemy-Hands-Honor-Harrington-Book-ebook/dp/B00APAR9AE/,,,,,,,,,,,,,,,,,,,,,,,,,,,,,,,,,,
"Honor Harrington","Echoes of Honor",718,,1998,6,3835,0,http://www.amazon.com/Echoes-Honor-Harrington-Book-ebook/dp/B00APADZKW/,,,,,,,,,,,,,,,,,,,,,,,,,,,,,,,,,,
"Honor Harrington","Ashes of Victory",672,,2000,8,4507,0,http://www.amazon.com/Ashes-Victory-Honor-Harrington-Book-ebook/dp/B00AP9CXG0/,,,,,,,,,,,,,,,,,,,,,,,,,,,,,,,,,,
"Honor Harrington","War of Honor",976,,2002,10,5483,0,http://www.amazon.com/War-Honor-Harrington-Book-10-ebook/dp/B00AP91YH4/,,,,,,,,,,,,,,,,,,,,,,,,,,,,,,,,,,
"Honor Harrington","At All Costs",892,,2005,13,6375,0,http://www.amazon.com/All-Costs-Honor-Harrington-Book-ebook/dp/B00AP9CUWM/,,,,,,,,,,,,,,,,,,,,,,,,,,,,,,,,,,
"Honor Harrington","Mission of Honor",880,,2010,18,7255,0,http://www.amazon.com/Mission-Honor-Harrington-Book-12-ebook/dp/B00APAQZYK/,,,,,,,,,,,,,,,,,,,,,,,,,,,,,,,,,,
"Honor Harrington","A Rising Thunder",464,,2012,20,7719,0,http://www.amazon.com/Rising-Thunder-Honor-Harrington-Book-ebook/dp/B00AP987T2/,,,,,,,,,,,,,,,,,,,,,,,,,,,,,,,,,,
,,,,,,,,,,,,,,,,,,,,,,,,,,,,,,,,,,,,,,,,,,
"Dragonriders of Pern",Dragonsdawn,480,,1988,20,480,0,http://www.amazon.com/Dragonsdawn-Dragon-Books-Anne-McCaffrey-ebook/dp/B008FY4FUY/,,,,,,,,,,,,,,,,,,,,,,,,,,,,,,,,,,
"Dragonriders of Pern","First Fall",288,,1993,25,768,0,http://www.amazon.com/Chronicles-Pern-First-Dragon-Books-ebook/dp/B008FY4XGA/,,,,,,,,,,,,,,,,,,,,,,,,,,,,,,,,,,
"Dragonriders of Pern","Red Star Rising",420,,1996,28,1188,0,http://www.amazon.com/Red-Star-Rising-Chronicles-Dragon-ebook/dp/B008FY4OI2/,,,,,,,,,,,,,,,,,,,,,,,,,,,,,,,,,,
"Dragonriders of Pern","Moreta: Dragonlady of Pern",480,,1983,15,1668,0,http://www.amazon.com/Moreta-Dragonlady-Pern-Dragon-Books-ebook/dp/B008FY4KUE/,,,,,,,,,,,,,,,,,,,,,,,,,,,,,,,,,,
"Dragonriders of Pern","Nerilka's Story",256,,1986,18,1924,0,http://www.amazon.com/Nerilkas-Story-Coelura-Dragon-Books-ebook/dp/B008FY4M7K/,,,,,,,,,,,,,,,,,,,,,,,,,,,,,,,,,,
"Dragonriders of Pern","Masterharper of Pern",468,,1998,30,2392,0,http://www.amazon.com/Masterharper-Pern-Dragon-Books-ebook/dp/B008PU9A9O/,,,,,,,,,,,,,,,,,,,,,,,,,,,,,,,,,,
"Dragonriders of Pern",Dragonflight,356,,1968,0,2748,0,http://www.amazon.com/Dragonflight-Dragon-Books-Anne-McCaffrey-ebook/dp/B008FY4KBS/,,,,,,,,,,,,,,,,,,,,,,,,,,,,,,,,,,
"Dragonriders of Pern",Dragonquest,452,,1970,2,3200,0,http://www.amazon.com/Dragonquest-Dragon-Books-Anne-McCaffrey-ebook/dp/B008FY54MM/,,,,,,,,,,,,,,,,,,,,,,,,,,,,,,,,,,
"Dragonriders of Pern",Dragonsong,288,,1976,8,3488,0,http://www.amazon.com/Dragonsong-Dragon-Books-Anne-McCaffrey-ebook/dp/B008FY4V4E/,,,,,,,,,,,,,,,,,,,,,,,,,,,,,,,,,,
"Dragonriders of Pern",Dragonsinger,288,,1977,9,3776,0,http://www.amazon.com/Dragonsinger-Harper-Pern-Dragon-Books-ebook/dp/B008FY4EL4/,,,,,,,,,,,,,,,,,,,,,,,,,,,,,,,,,,
"Dragonriders of Pern",Dragondrums,259,,1979,11,4035,0,http://www.amazon.com/Dragondrums-Dragon-Books-Anne-McCaffrey-ebook/dp/B008PU9IGO/,,,,,,,,,,,,,,,,,,,,,,,,,,,,,,,,,,
"Dragonriders of Pern","The White Dragon",350,,1978,10,4385,0,http://www.amazon.com/White-Dragon-Books-ebook/dp/B008FY4R5M/,,,,,,,,,,,,,,,,,,,,,,,,,,,,,,,,,,
"Dragonriders of Pern","Renegades of Pern",388,,1989,21,4773,0,http://www.amazon.com/Renegades-Pern-Dragon-Books-ebook/dp/B008FY4NA6/,,,,,,,,,,,,,,,,,,,,,,,,,,,,,,,,,,
"Dragonriders of Pern","All the Weyrs of Pern",484,,1991,23,5257,0,http://www.amazon.com/All-Weyrs-Pern-Dragon-Books-ebook/dp/B008FY575G/,,,,,,,,,,,,,,,,,,,,,,,,,,,,,,,,,,
"Dragonriders of Pern","Dolphins of Pern",320,,1994,26,5577,0,http://www.amazon.com/Dolphins-Pern-Dragon-Books-ebook/dp/B008FY4GYE/,,,,,,,,,,,,,,,,,,,,,,,,,,,,,,,,,,
"Dragonriders of Pern","Skies of Pern",480,,2001,33,6057,0,http://www.amazon.com/Skies-Pern-Anne-McCaffrey/dp/0345434692/,"mass market paperback",,,,,,,,,,,,,,,,,,,,,,,,,,,,,,,,,
,,,,,,,,,,,,,,,,,,,,,,,,,,,,,,,,,,,,,,,,,,
"Belgariad + Mallorean","Pawn of Prophecy",400,88155,1982,0,400,88155,http://www.amazon.com/Pawn-Prophecy-Book-One-Belgariad-ebook/dp/B0038AUYN2/,,,,,,,,,,,,,,,,,,,,,,,,,,,,,,,,,,
"Belgariad + Mallorean","Queen of Sorcery",338,104416,1982,0,738,192571,http://www.amazon.com/Queen-Sorcery-Book-Two-Belgariad-ebook/dp/B003GFIVP2/,,,,,,,,,,,,,,,,,,,,,,,,,,,,,,,,,,
"Belgariad + Mallorean","Magician's Gambit",452,95769,1983,1,1190,288340,http://www.amazon.com/Magicians-Gambit-Book-Three-Belgariad-ebook/dp/B0038AUYMS/,,,,,,,,,,,,,,,,,,,,,,,,,,,,,,,,,,
"Belgariad + Mallorean","Castle of Wizardry",386,118706,1984,2,1576,407046,http://www.amazon.com/Castle-Wizardry-Book-Four-Belgariad-ebook/dp/B00352B482/,,,,,,,,,,,,,,,,,,,,,,,,,,,,,,,,,,
"Belgariad + Mallorean","Enchanters' End Game",448,115520,1984,2,2024,522566,http://www.amazon.com/Enchanters-End-Game-Book-Belgariad-ebook/dp/B003ARUTRY/,,,,,,,,,,,,,,,,,,,,,,,,,,,,,,,,,,
"Belgariad + Mallorean","Guardians of the West",450,,1987,5,2474,522566,http://www.amazon.com/Guardians-West-Malloreon-TW-ebook/dp/B003ARUTT2/,,,,,,,,,,,,,,,,,,,,,,,,,,,,,,,,,,
"Belgariad + Mallorean","King of the Murgos",418,,1988,6,2892,522566,http://www.amazon.com/King-Murgos-Malloreon-TW-ebook/dp/B003ARUTS8/,,,,,,,,,,,,,,,,,,,,,,,,,,,,,,,,,,
"Belgariad + Mallorean","Demon Lord of Karanda",402,,1988,6,3294,522566,http://www.amazon.com/Demon-Lord-Karanda-Malloreon-TW-ebook/dp/B003ARUTJW/,,,,,,,,,,,,,,,,,,,,,,,,,,,,,,,,,,
"Belgariad + Mallorean","Sorceress of Darshiva",386,,1989,7,3680,522566,http://www.amazon.com/Sorceress-Darshiva-Malloreon-TW-ebook/dp/B003ARUTKQ/,,,,,,,,,,,,,,,,,,,,,,,,,,,,,,,,,,
"Belgariad + Mallorean","The Seeress of Kell",452,,1991,9,4132,522566,http://www.amazon.com/Seeress-Kell-Malloreon-TW-ebook/dp/B003ARUTQA/,,,,,,,,,,,,,,,,,,,,,,,,,,,,,,,,,,
,,,,,,,,,,,,,,,,,,,,,,,,,,,,,,,,,,,,,,,,,,
Sparhawk,"The Diamond Throne",448,,1989,0,448,0,,,,,,,,,,,,,,,,,,,,,,,,,,,,,,,,,,,
Sparhawk,"The Ruby Knight",384,,1991,2,832,0,,,,,,,,,,,,,,,,,,,,,,,,,,,,,,,,,,,
Sparhawk,"The Sapphire Rose",512,,1992,3,1344,0,,,,,,,,,,,,,,,,,,,,,,,,,,,,,,,,,,,
Sparhawk,"Domes of Fire",480,,1992,3,1824,0,,,,,,,,,,,,,,,,,,,,,,,,,,,,,,,,,,,
Sparhawk,"The Shining Ones",480,,1994,5,2304,0,,,,,,,,,,,,,,,,,,,,,,,,,,,,,,,,,,,
Sparhawk,"The Hidden City",512,,1995,6,2816,0,,,,,,,,,,,,,,,,,,,,,,,,,,,,,,,,,,,
,,,,,,,,,,,,,,,,,,,,,,,,,,,,,,,,,,,,,,,,,,
"Sword of Truth","Wizard's First Rule",580,,1994,0,580,0,http://www.amazon.com/Wizards-First-Rule-RosettaBooks-into-ebook/dp/B00433TO4I/,,,,,,,,,,,,,,,,,,,,,,,,,,,,,,,,,,
"Sword of Truth","Stone of Tears",996,,1996,2,1576,0,http://www.amazon.com/Stone-Tears-Sword-Truth-2-ebook/dp/B004LP3AYI/,,,,,,,,,,,,,,,,,,,,,,,,,,,,,,,,,,
"Sword of Truth","Blood of the Fold",672,,1997,3,2248,0,http://www.amazon.com/Blood-Fold-Sword-Truth-3-ebook/dp/B004LZ56Z4/,,,,,,,,,,,,,,,,,,,,,,,,,,,,,,,,,,
"Sword of Truth","Temple of the Winds",836,,1998,4,3084,0,http://www.amazon.com/Temple-Winds-Sword-Truth-4-ebook/dp/B004LZ5708/,,,,,,,,,,,,,,,,,,,,,,,,,,,,,,,,,,
"Sword of Truth","Soul of the Fire",512,,1999,5,3596,0,http://www.amazon.com/Soul-Fire-Sword-Truth-5-ebook/dp/B004OEJE3C/,,,,,,,,,,,,,,,,,,,,,,,,,,,,,,,,,,
"Sword of Truth","Faith of the Fallen",702,,2000,6,4298,0,http://www.amazon.com/Faith-Fallen-Sword-Truth-Goodkind-ebook/dp/B004BSG95C/,,,,,,,,,,,,,,,,,,,,,,,,,,,,,,,,,,
"Sword of Truth","The Pillars of Creation",736,,2001,7,5034,0,http://www.amazon.com/Pillars-Creation-Sword-Truth-ebook/dp/B004BSG952/,,,,,,,,,,,,,,,,,,,,,,,,,,,,,,,,,,
"Sword of Truth","Naked Empire",705,,2003,9,5739,0,http://www.amazon.com/Naked-Empire-Sword-Truth-Goodkind-ebook/dp/B004BSG93Y/,,,,,,,,,,,,,,,,,,,,,,,,,,,,,,,,,,
"Sword of Truth",Chainfire,755,,2005,11,6494,0,http://www.amazon.com/Chainfire-Sword-Truth-Terry-Goodkind-ebook/dp/B004CYERO0/,,,,,,,,,,,,,,,,,,,,,,,,,,,,,,,,,,
"Sword of Truth",Phantom,692,,2005,11,7186,0,http://www.amazon.com/Phantom-Sword-Truth-Terry-Goodkind-ebook/dp/B004CYERUE/,,,,,,,,,,,,,,,,,,,,,,,,,,,,,,,,,,
"Sword of Truth",Confessor,757,,2007,13,7943,0,http://www.amazon.com/Confessor-Sword-Truth-Terry-Goodkind-ebook/dp/B0040ZN3KA/,,,,,,,,,,,,,,,,,,,,,,,,,,,,,,,,,,
"Sword of Truth","The Omen Machine",526,,2011,17,8469,0,http://www.amazon.com/Omen-Machine-Sword-Truth-ebook/dp/B004DNW65W/,,,,,,,,,,,,,,,,,,,,,,,,,,,,,,,,,,
"Sword of Truth","The Third Kingdom",529,,2013,19,8998,0,http://www.amazon.com/Third-Kingdom-Richard-Kahlan-ebook/dp/B00DA6XNBE/,,,,,,,,,,,,,,,,,,,,,,,,,,,,,,,,,,
,,,,,,,,,,,,,,,,,,,,,,,,,,,,,,,,,,,,,,,,,,
"Shannara Series","The Sword of Shannara",,,1977,0,0,0,,,,,,,,,,,,,,,,,,,,,,,,,,,,,,,,,,,
"Shannara Series","The Elfstones of Shannara",,,1982,5,0,0,,,,,,,,,,,,,,,,,,,,,,,,,,,,,,,,,,,
"Shannara Series","The Wishsong of Shannara",,,1985,8,0,0,,,,,,,,,,,,,,,,,,,,,,,,,,,,,,,,,,,
"Shannara Series","The Scions of Shannara",,,1990,13,0,0,,,,,,,,,,,,,,,,,,,,,,,,,,,,,,,,,,,
"Shannara Series","The Druid of Shannara",,,1991,14,0,0,,,,,,,,,,,,,,,,,,,,,,,,,,,,,,,,,,,
"Shannara Series","The Elf Queen of Shannara",,,1992,15,0,0,,,,,,,,,,,,,,,,,,,,,,,,,,,,,,,,,,,
"Shannara Series","The Talismans of Shannara",,,1993,16,0,0,,,,,,,,,,,,,,,,,,,,,,,,,,,,,,,,,,,
"Shannara Series","First King of Shannara",,,1996,19,0,0,,,,,,,,,,,,,,,,,,,,,,,,,,,,,,,,,,,
"Shannara Series","Running with the Demon",,,1997,20,0,0,,,,,,,,,,,,,,,,,,,,,,,,,,,,,,,,,,,
"Shannara Series","A Knight of the Word",,,1998,21,0,0,,,,,,,,,,,,,,,,,,,,,,,,,,,,,,,,,,,
"Shannara Series","Angel Fire East",,,1999,22,0,0,,,,,,,,,,,,,,,,,,,,,,,,,,,,,,,,,,,
"Shannara Series","Ilse Witch",,,2000,23,0,0,,,,,,,,,,,,,,,,,,,,,,,,,,,,,,,,,,,
"Shannara Series",Antrax,,,2001,24,0,0,,,,,,,,,,,,,,,,,,,,,,,,,,,,,,,,,,,
"Shannara Series",Morgawr,,,2002,25,0,0,,,,,,,,,,,,,,,,,,,,,,,,,,,,,,,,,,,
"Shannara Series","Jarka Ruus",,,2003,26,0,0,,,,,,,,,,,,,,,,,,,,,,,,,,,,,,,,,,,
"Shannara Series",Tanequil,,,2004,27,0,0,,,,,,,,,,,,,,,,,,,,,,,,,,,,,,,,,,,
"Shannara Series",Straken,,,2005,28,0,0,,,,,,,,,,,,,,,,,,,,,,,,,,,,,,,,,,,
"Shannara Series","Armageddon's Children",,,2006,29,0,0,,,,,,,,,,,,,,,,,,,,,,,,,,,,,,,,,,,
"Shannara Series","The Elves of Cintra",,,2007,30,0,0,,,,,,,,,,,,,,,,,,,,,,,,,,,,,,,,,,,
"Shannara Series","The Gypsy Morph",,,2008,31,0,0,,,,,,,,,,,,,,,,,,,,,,,,,,,,,,,,,,,
"Shannara Series","Bearers of the Black Staff",,,2010,33,0,0,,,,,,,,,,,,,,,,,,,,,,,,,,,,,,,,,,,
"Shannara Series","The Measure of the Magic",,,2011,34,0,0,,,,,,,,,,,,,,,,,,,,,,,,,,,,,,,,,,,
"Shannara Series","Wards of Faerie",,,2012,35,0,0,,,,,,,,,,,,,,,,,,,,,,,,,,,,,,,,,,,
"Shannara Series","Bloodfire Quest",,,2013,36,0,0,,,,,,,,,,,,,,,,,,,,,,,,,,,,,,,,,,,
"Shannara Series","Witch Wraith",,,2013,36,0,0,,,,,,,,,,,,,,,,,,,,,,,,,,,,,,,,,,,
"Shannara Series","The High Druids Blade",,,2014,37,0,0,,,,,,,,,,,,,,,,,,,,,,,,,,,,,,,,,,,
,,,,,,,,,,,,,,,,,,,,,,,,,,,,,,,,,,,,,,,,,,
"Dresden Files","Storm Front",,86758,2000,0,0,86758,,,,,,,,,,,,,,,,,,,,,,,,,,,,,,,,,,,
"Dresden Files","Fool Moon",,100895,2001,1,0,187653,,,,,,,,,,,,,,,,,,,,,,,,,,,,,,,,,,,
"Dresden Files","Grave Peril",,115758,2001,1,0,303411,,,,,,,,,,,,,,,,,,,,,,,,,,,,,,,,,,,
"Dresden Files","Summer Knight",,111300,2002,2,0,414711,,,,,,,,,,,,,,,,,,,,,,,,,,,,,,,,,,,
"Dresden Files","Death Masks",,108216,2003,3,0,522927,,,,,,,,,,,,,,,,,,,,,,,,,,,,,,,,,,,
"Dresden Files","Blood Rites",,121290,2004,4,0,644217,,,,,,,,,,,,,,,,,,,,,,,,,,,,,,,,,,,
"Dresden Files","Dead Beat",,144413,2005,5,0,788630,,,,,,,,,,,,,,,,,,,,,,,,,,,,,,,,,,,
